,Name_left,AuthorId,PaperYear,PaperId,Year_paper,Name_right,CitesFrom,Year_citation,PaperCount
71,Michael Greenstone,2559711103,2017,3150383507.0,2014.0,Michael Greenstone,3021923150.0,2017.0,752
48,Ali Hortacsu,208393038,2017,3143046384.0,2004.0,Ali Hortacsu,3124261657.0,2006.0,5050
66,Erik Hurst,2124999479,2017,3143695600.0,2003.0,Erik Hurst,3125309514.0,2017.0,6485
9,Jesse Shapiro,2304778299,2017,2159460045.0,2004.0,Jesse Shapiro,3201103271.0,2009.0,1752
11,Patrick Kline,2343353932,2018,3125525305.0,2012.0,Patrick Kline,3125335268.0,2016.0,1917
46,Raymond Fisman,2250561313,2018,3150803753.0,2006.0,Raymond Fisman,1667696768.0,2010.0,9227
27,Noam Yuchtman,2500378129,2018,3125486251.0,2014.0,Noam Yuchtman,2732800013.0,2016.0,396
22,Jan De Loecker,1859497523,2018,3142246029.0,2011.0,Jan De Loecker,1998541563.0,2014.0,2431
19,Jonathan Levin,2593059103,2018,2329546107.0,1999.0,Jonathan Levin,2962398441.0,2007.0,92
5,Jakub Kastl,2169129460,2018,3142961158.0,2015.0,Jakub Kastl,2771860089.0,2017.0,348
17,Amit Seru,273194589,2018,3126069812.0,2009.0,Amit Seru,3125358363.0,2015.0,2909
15,Frederico Finan,1798593011,2018,3125946030.0,2012.0,Frederico Finan,3124379735.0,2014.0,2509
53,Vicky M. Longawa,2562632180,2019,2075893689.0,1993.0,Vicky M. Longawa,2090938138.0,2005.0,6
25,Stefanie Stantcheva,2501900208,2019,3193888791.0,2018.0,Stefanie Stantcheva,2979486952.0,2019.0,758
7,Itamar Drechsler,1950831029,2020,3180365838.0,2019.0,Itamar Drechsler,3036577223.0,2020.0,2057
34,Francesco Trebbi,231393685,2020,3202560103.0,2008.0,Francesco Trebbi,3126089243.0,2016.0,8671
30,Bertil Tungodden,128282678,2020,3187209157.0,2009.0,Bertil Tungodden,3082399617.0,2020.0,3397
52,Gautam Rao,2670798603,2020,2074068089.0,2008.0,Gautam Rao,3142359119.0,2017.0,91
6,Jonathan Vogel,2154879811,2020,2734659451.0,1990.0,Jonathan Vogel,3210204481.0,2007.0,801
68,Anna Dreber,2213548023,2021,3197121603.0,2021.0,Anna Dreber,3205173388.0,2021.0,11672
36,James J. Heckman,1877272218,2021,3179236553.0,2021.0,James J. Heckman,3210157774.0,2021.0,118016
28,Pietro Ortoleva,2136818508,2021,3181992612.0,2021.0,Pietro Ortoleva,3215068513.0,2021.0,828
50,Albrecht Ritschl,685029839,2021,3125791750.0,2008.0,Albrecht Ritschl,1605220409.0,2010.0,992
59,Harald Uhlig,1972720549,2021,3207699757.0,2021.0,Harald Uhlig,3131348222.0,2021.0,10597
40,Linfei Li,2144753149,2021,3151693995.0,2013.0,Linfei Li,2935611902.0,2015.0,2532
33,Chad Syverson,2058992540,2022,3159250309.0,2020.0,Chad Syverson,3203877767.0,2021.0,8491
54,Ricardo Perez-Truglia,286171648,2023,3203422458.0,2021.0,Ricardo Perez-Truglia,3201147723.0,2022.0,589
55,Claudio Ferraz,2517708554,2023,3124810687.0,2017.0,Claudio Ferraz,3204270486.0,2021.0,1802
56,Joseph Shapiro,2573228828,2023,2030907723.0,1958.0,Joseph Shapiro,2410759780.0,1960.0,54
64,Christopher Walters,2797108290,2023,2798266737.0,2013.0,Christopher Walters,2954874492.0,2019.0,6
57,Ed Martin,2942650815,2023,2782173252.0,2018.0,Ed Martin,3027474795.0,2020.0,3
58,Greg Kaplan,2166186102,2023,3162477618.0,2020.0,Greg Kaplan,3170527149.0,2021.0,2704
65,Anna Dreber Almenberg,2779922826,2023,3021959700.0,2019.0,Anna Dreber Almenberg,3033692710.0,2020.0,5
67,Melissa Dell,2065650730,2023,3202466114.0,2021.0,Melissa Dell,3216666189.0,2021.0,2875
60,Ezra Oberfield,576439486,2023,3176516258.0,2020.0,Ezra Oberfield,3001892645.0,2021.0,335
0,Lance Lochner,664019491,2023,3191571247.0,2020.0,Lance Lochner,3180235220.0,2021.0,9769
49,Cecile Gaubert,2797130894,2023,3185430878.0,2018.0,Cecile Gaubert,3194511298.0,2021.0,154
1,Johannes Stroebel,3018850254,2023,3166496510.0,2021.0,Johannes Stroebel,3210425098.0,2021.0,11
2,Guo Xu,3062275160,2023,2877469712.0,2016.0,Guo Xu,2830404338.0,2016.0,1
3,David Yanagizawa-Drott,2039376829,2023,3177007051.0,2012.0,David Yanagizawa-Drott,3124275302.0,2016.0,844
13,Magne Mogstad,417745530,2023,3205282308.0,2020.0,Magne Mogstad,3185286922.0,2021.0,3195
20,Yusufcan Masatlioglu,2028827233,2023,3210404798.0,2021.0,Yusufcan Masatlioglu,3214348847.0,2021.0,728
23,Lee Lockwood,2798529095,2023,2012509916.0,1990.0,Lee Lockwood,2914991516.0,2019.0,45
51,Leonardo Bursztyn,2061712910,2023,3125823280.0,2012.0,Leonardo Bursztyn,3082375226.0,2020.0,2025
32,Edwin Leuven,2148055046,2023,3125843406.0,2002.0,Edwin Leuven,2086777048.0,2013.0,4684
37,Mark Bils,2081889270,2023,3151130492.0,2004.0,Mark Bils,3123057503.0,2008.0,6376
38,Kjetil Storesletten,220486011,2023,3135809920.0,2020.0,Kjetil Storesletten,2770566877.0,2021.0,6295
39,Emir Kamenica,2511827504,2023,3204240230.0,2021.0,Emir Kamenica,3168227353.0,2021.0,2332
41,Daniel Gottlieb,2601799627,2023,2038239910.0,1992.0,Daniel Gottlieb,3163874368.0,2021.0,202
42,Rachel Griffith,2155660295,2023,3196923028.0,2018.0,Rachel Griffith,3197438526.0,2021.0,15918
70,Esteban Rossi-Hansberg,685834236,2023,3199816986.0,2021.0,Esteban Rossi-Hansberg,3173611201.0,2021.0,6094
35,Andrew Atkeson,2075870546,2023,3168058417.0,2020.0,Andrew Atkeson,3207124422.0,2022.0,6276