,Name_left,AuthorId,PaperYear,PaperId,Year_paper,Name_right,CitesFrom,Year_citation,PaperCount
89,Andrei Shleifer,727612727,1995,3152473873.0,1993.0,Andrei Shleifer,2068985978.0,1995.0,2433
62,Kenneth Rogoff,214390093,1995,3125850029.0,1982.0,Kenneth Rogoff,2764350287.0,1983.0,2219
2,Michael H. Riordan,2581482331,1996,3208031364.0,1994.0,Michael H. Riordan,2086689440.0,1996.0,445
38,George J. Borjas,217345985,1996,3148696034.0,1978.0,George J. Borjas,3123642869.0,1982.0,1658
29,Alan B. Krueger,1880039828,1996,3151482492.0,1992.0,Alan B. Krueger,2057769042.0,1995.0,1596
66,Olivier J. Blanchard,3145678245,1998,3146776791.0,1983.0,Olivier J. Blanchard,2493074113.0,1985.0,318
10,Rudiger Dornbusch,3123415920,1998,3193586628.0,1994.0,Rudiger Dornbusch,2334289368.0,1997.0,87
0,Michael Woodford,2147218102,2000,3146205524.0,1993.0,Michael Woodford,3122830262.0,1995.0,1610
44,James Hines,2103629164,2000,2601011161.0,1979.0,James Hines,2821257697.0,1999.0,34
48,Daron Acemoglu,1970476475,2002,3126104019.0,1998.0,Daron Acemoglu,2241063177.0,2000.0,2034
69,Roberto Perotti,3157750890,2002,2336979041.0,2001.0,Roberto Perotti,1961839845.0,2001.0,4
25,Jaume Ventura,2170717795,2003,3126060175.0,2012.0,Jaume Ventura,1847154962.0,2002.0,260
45,Michael Waldman,2700684392,2004,2014384706.0,1993.0,Michael Waldman,2073303950.0,2000.0,8
50,Richard Thaler,2895015016,2005,2529538836.0,1976.0,Richard Thaler,2464763539.0,1994.0,8
82,Alwyn Young,2112621531,2005,3141473508.0,1998.0,Alwyn Young,2113923519.0,1999.0,2594
40,Dennis Epple,2075024142,2005,3156896854.0,2000.0,Dennis Epple,2100298782.0,2005.0,2867
37,Pol Antras,81932200,2006,3125130981.0,2003.0,Pol Antras,3144793050.0,2002.0,337
79,Eliana La Ferrara,2087655770,2006,3148393077.0,2000.0,Eliana La Ferrara,2337807423.0,2001.0,904
39,Edward L. Glaeser,622018538,2008,3181131762.0,2004.0,Edward L. Glaeser,3122675355.0,2004.0,16418
70,John Bound,2472042921,2008,3125982241.0,1993.0,John Bound,2318746079.0,2002.0,9401
21,Francesco Caselli,2227894521,2011,2228115681.0,1998.0,Francesco Caselli,2401483301.0,2006.0,12
34,Marianne Bertrand,2129876404,2011,3196420172.0,1998.0,Marianne Bertrand,1988391469.0,2006.0,7946
15,Jeremy C. Stein,2096392297,2012,3143311134.0,1991.0,Jeremy C. Stein,3213340399.0,2008.0,27001
53,Janet Currie,2153904071,2014,3184494996.0,2005.0,Janet Currie,2617274109.0,2007.0,12825
88,Elhanan Helpman,2697899749,2014,3150313671.0,1988.0,Elhanan Helpman,3124981108.0,1999.0,52035
19,Edward Miguel,2144611101,2014,3195184059.0,2015.0,Edward Miguel,1959927609.0,2014.0,7122
58,Erik Hurst,2140733516,2014,2078369120.0,2007.0,Erik Hurst,2502309690.0,2010.0,3
90,Ernst Fehr,2210927970,2014,3216421604.0,2005.0,Ernst Fehr,3210763655.0,2009.0,45547
86,Glenn Ellison,2902369099,2014,2902288052.0,2007.0,Glenn Ellison,3124176509.0,2012.0,13
55,Stephen Coate,650455521,2015,3143249353.0,2002.0,Stephen Coate,2240554357.0,2009.0,8487
84,Drew Fudenberg,573466828,2017,3200385161.0,2008.0,Drew Fudenberg,2146880028.0,2007.0,21161
59,Emi Nakamura,2609606965,2017,159496660.0,2009.0,Emi Nakamura,2787458344.0,2017.0,3
67,Lasse Pedersen,2422494662,2017,2411009768.0,2009.0,Lasse Pedersen,2094163151.0,2014.0,2
12,Robert Jensen,2734556081,2018,2055204177.0,1983.0,Robert Jensen,2935700313.0,1999.0,759
6,Esteban Rossi-Hansberg,685834236,2018,3199816986.0,2021.0,Esteban Rossi-Hansberg,2970855226.0,2018.0,4712
22,Dave Donaldson,2162818368,2018,3151965440.0,2015.0,Dave Donaldson,2748622367.0,2017.0,1077
63,Jon Steinsson,677460149,2019,3126059781.0,2009.0,Jon Steinsson,3124417464.0,2014.0,2741
71,Erzo F. P. Luttmer,1966671174,2019,3148989931.0,2009.0,Erzo F. P. Luttmer,2048147455.0,2013.0,5625
26,Armin Falk,2093276620,2019,3126011357.0,2013.0,Armin Falk,3123522190.0,2019.0,16714
3,Sylvain Chassang,2798296736,2020,2124798478.0,2006.0,Sylvain Chassang,2413705588.0,2009.0,11
74,David Card,2902675675,2020,2951622713.0,2018.0,David Card,3033774966.0,2020.0,20
17,Seema Jayachandran,2041362166,2020,3179582497.0,2020.0,Seema Jayachandran,2912089669.0,2019.0,2343
43,Amir Sufi,1934535612,2021,3204553836.0,2020.0,Amir Sufi,3024221540.0,2021.0,12417
4,Isaiah Andrews,1983061563,2021,3151471435.0,2019.0,Isaiah Andrews,3211938716.0,2021.0,361
13,Andrew Atkeson,2075870546,2021,3168058417.0,2020.0,Andrew Atkeson,3202120477.0,2021.0,6261
23,Pascaline Dupas,2011705805,2021,3209161260.0,2021.0,Pascaline Dupas,3208902179.0,2021.0,4808
57,Hans-Joachim Voth,1989688180,2021,3208934378.0,2008.0,Hans-Joachim Voth,3125162456.0,2010.0,3980
93,Brent Neiman,1320884576,2022,3159624749.0,2020.0,Brent Neiman,3204562562.0,2021.0,2629
41,Silvana Tenreyro,143162272,2022,3170392547.0,2020.0,Silvana Tenreyro,3152062252.0,2021.0,6953
83,Timothy Besley,523865281,2022,3209253947.0,2015.0,Timothy Besley,3142210085.0,2021.0,35525
85,Peter Ganong,2009813205,2023,3161144009.0,2020.0,Peter Ganong,3214068387.0,2021.0,640
73,Stefanie Stantcheva,2501900208,2023,3212057032.0,2021.0,Stefanie Stantcheva,3214224801.0,2021.0,1642
91,Claudia Goldin,2612870769,2023,2313205314.0,1991.0,Claudia Goldin,2108143167.0,2012.0,1
92,David Baqaee,2643934869,2023,3154164703.0,2020.0,David Baqaee,3213108652.0,2021.0,295
81,Nicholas Bloom,2133900406,2023,3213755475.0,2020.0,Nicholas Bloom,3043027038.0,2020.0,26258
76,Nathan Nunn,2148103966,2023,3196330915.0,2021.0,Nathan Nunn,3200470232.0,2021.0,6886
47,Amanda Pallais,2063352339,2023,3135806055.0,2020.0,Amanda Pallais,3205050226.0,2021.0,736
65,David Yanagizawa-Drott,2039376829,2023,3177007051.0,2012.0,David Yanagizawa-Drott,3124275302.0,2016.0,844
7,Frederico Finan,2798753125,2023,2135877876.0,2013.0,Frederico Finan,2978120894.0,2019.0,1
8,Bruce Sacerdote,2126682900,2023,3171303119.0,2020.0,Bruce Sacerdote,3214367469.0,2021.0,12385
9,Ned Augenblick,2007617668,2023,3192017286.0,2020.0,Ned Augenblick,3208005629.0,2021.0,412
11,Tomasz Strzalecki,64256269,2023,3131911343.0,2013.0,Tomasz Strzalecki,2552029694.0,2016.0,794
16,Lawrence F. Katz,2115544438,2023,3202693413.0,2005.0,Lawrence F. Katz,3123967604.0,2007.0,41205
18,Trevon Logan,2188138613,2023,2465387065.0,2009.0,Trevon Logan,2533229414.0,2017.0,3
20,Alp Simsek,2100183006,2023,3157599947.0,2019.0,Alp Simsek,3148095034.0,2021.0,1691
28,Sule Alan,2227649049,2023,3200140369.0,2021.0,Sule Alan,3201336456.0,2021.0,850
32,Jesse M. Shapiro,2126628856,2023,3151079115.0,2003.0,Jesse M. Shapiro,3174723769.0,2021.0,8989
35,Emily Oster,2084192368,2023,3210073824.0,2021.0,Emily Oster,3212464278.0,2021.0,4025
36,Matthew Gentzkow,803871336,2023,3150341817.0,2019.0,Matthew Gentzkow,3136246781.0,2021.0,9023
42,John Van Reenen,2118787236,2023,3201622861.0,2002.0,John Van Reenen,2015752048.0,2005.0,26172
46,David Atkin,2032812465,2023,3133950289.0,2019.0,David Atkin,3196845972.0,2022.0,2686
52,Xavier Gabaix,2908203083,2023,2907832692.0,2007.0,Xavier Gabaix,3182436328.0,2021.0,46
54,Robert J. Barro,548446481,2023,3205523129.0,1995.0,Robert J. Barro,3191805115.0,2021.0,84875
56,Natalie Bau,2127184071,2023,3172965259.0,2020.0,Natalie Bau,3205374769.0,2021.0,96
60,Florian Zimmermann,3037943673,2023,3083747945.0,2020.0,Florian Zimmermann,3202566261.0,2021.0,69
61,Reed Walker,2686933604,2023,3144472254.0,2017.0,Reed Walker,2808971327.0,2018.0,1332
64,Nicholas Barberis,294627858,2023,3175078783.0,2018.0,Nicholas Barberis,3135135585.0,2021.0,16906
68,Sascha O. Becker,2148864036,2023,3202728552.0,2019.0,Sascha O. Becker,3130364263.0,2021.0,7487
94,Loukas Karabarbounis,283515383,2023,3199906481.0,2017.0,Loukas Karabarbounis,3197966657.0,2021.0,2419